{
  "ExchangeRateOptions": {
    "ExchangeRates": {
      "USD_TO_AUD": 1.5028992613696,
      "AUD_TO_USD": 0.66538059183601,
      "USD_TO_CAD": 1.3796814159963,
      "CAD_TO_USD": 0.72480500817492,
      "USD_TO_CHF": 0.79718925499768,
      "CHF_TO_USD": 1.2544072737194,
      "USD_TO_CNY": 7.0598823104301,
      "CNY_TO_USD": 0.14164542070661,
      "USD_TO_EUR": 0.85376334873646,
      "EUR_TO_USD": 1.171284761146,
      "USD_TO_GBP": 0.7471395661806,
      "GBP_TO_USD": 1.3384380178285,
      "USD_TO_HKD": 7.7810204823458,
      "HKD_TO_USD": 0.12851784701877,
      "USD_TO_IDR": 16648.289831355,
      "IDR_TO_USD": 0.000060066229632584,
      "USD_TO_INR": 90.256219663352,
      "INR_TO_USD": 0.011079568851099,
      "USD_TO_JPY": 155.64838592584,
      "JPY_TO_USD": 0.0064247373594769,
      "USD_TO_KRW": 1471.8543921962,
      "KRW_TO_USD": 0.00067941503269756,
      "USD_TO_MYR": 4.1086259525999,
      "MYR_TO_USD": 0.24339037224044,
      "USD_TO_NZD": 1.7214135534171,
      "NZD_TO_USD": 0.5809179310892,
      "USD_TO_PHP": 59.068359080461,
      "PHP_TO_USD": 0.016929537498034,
      "USD_TO_SGD": 1.2930205007484,
      "SGD_TO_USD": 0.77338294282357,
      "USD_TO_THB": 31.767648714073,
      "THB_TO_USD": 0.031478565159183,
      "USD_TO_TWD": 31.213294932628,
      "TWD_TO_USD": 0.032037630187983,
      "USD_TO_VND": 26346.933784965,
      "VND_TO_USD": 0.000037955080775686,
      "USD_TO_AED": 3.6725970454298,
      "AED_TO_USD": 0.27228688245132,
      "USD_TO_QAR": 3.6402774695629,
      "QAR_TO_USD": 0.2747043345902,
      "USD_TO_SAR": 3.7521422105337,
      "SAR_TO_USD": 0.26651441866799,
      "USD_TO_BGN": 1.669790827109,
      "BGN_TO_USD": 0.59887740653802,
      "USD_TO_BRL": 5.4326843910317,
      "BRL_TO_USD": 0.18407106469332,
      "USD_TO_CLP": 922.74302266478,
      "CLP_TO_USD": 0.0010837253443674,
      "USD_TO_CZK": 20.67757127478,
      "CZK_TO_USD": 0.048361579157977,
      "USD_TO_DKK": 6.376564234495,
      "DKK_TO_USD": 0.15682426510978,
      "USD_TO_HUF": 328.07273654208,
      "HUF_TO_USD": 0.003048104546998,
      "USD_TO_ILS": 3.2125131607593,
      "ILS_TO_USD": 0.31128277144976,
      "USD_TO_ISK": 126.8654427704,
      "ISK_TO_USD": 0.007882367161322,
      "USD_TO_MXN": 18.128470044494,
      "MXN_TO_USD": 0.055161853016036,
      "USD_TO_NOK": 10.084013766888,
      "NOK_TO_USD": 0.099166861838644,
      "USD_TO_PLN": 3.6089246161876,
      "PLN_TO_USD": 0.27709085291352,
      "USD_TO_RON": 4.3454695822053,
      "RON_TO_USD": 0.23012472670273,
      "USD_TO_SEK": 9.2517882964814,
      "SEK_TO_USD": 0.1080872116778,
      "USD_TO_TRY": 42.632605319824,
      "TRY_TO_USD": 0.023456225405371,
      "USD_TO_UAH": 42.276334468904,
      "UAH_TO_USD": 0.023653895555575,
      "USD_TO_ZAR": 16.911169857576,
      "ZAR_TO_USD": 0.059132514688331,
      "USD_TO_EGP": 47.571524897971,
      "EGP_TO_USD": 0.021020978456014,
      "USD_TO_MDL": 16.952512605275,
      "MDL_TO_USD": 0.058988305939311,
      "USD_TO_RSD": 100.64445915324,
      "RSD_TO_USD": 0.0099359667527987,
      "USD_TO_RUB": 79.724995643589,
      "RUB_TO_USD": 0.012543117649959,
      "USD_TO_AZN": 1.7000338034464,
      "AZN_TO_USD": 0.58822359765596,
      "USD_TO_BDT": 122.27764737435,
      "BDT_TO_USD": 0.0081781095848083,
      "USD_TO_DZD": 129.89444756341,
      "DZD_TO_USD": 0.0076985584738858,
      "USD_TO_GEL": 2.6983996379268,
      "GEL_TO_USD": 0.37059002897299,
      "USD_TO_KZT": 519.3181349289,
      "KZT_TO_USD": 0.0019256019244098,
      "USD_TO_TND": 2.9238230188716,
      "TND_TO_USD": 0.34201796536438,
      "USD_TO_JOD": 0.70898692933901,
      "JOD_TO_USD": 1.4104632379222,
      "USD_TO_LBP": 88661.363636364,
      "LBP_TO_USD": 0.00001127887006229,
      "USD_TO_BYN": 2.9340231354997,
      "BYN_TO_USD": 0.34082894163331,
      "USD_TO_PKR": 281.28426909376,
      "PKR_TO_USD": 0.003555122379299,
      "USD_TO_AFN": 66.169967560184,
      "AFN_TO_USD": 0.015112596195403,
      "USD_TO_ALL": 82.559330715383,
      "ALL_TO_USD": 0.012112501292524,
      "USD_TO_AMD": 381.75687211883,
      "AMD_TO_USD": 0.0026194682349784,
      "USD_TO_AOA": 918.83558135564,
      "AOA_TO_USD": 0.001088333996083,
      "USD_TO_ARS": 1437.7891656927,
      "ARS_TO_USD": 0.00069551226554015,
      "USD_TO_AWG": 1.7899949286346,
      "AWG_TO_USD": 0.55866080065533,
      "USD_TO_BAM": 1.6696516988219,
      "BAM_TO_USD": 0.59892730963325,
      "USD_TO_BBD": 2,
      "BBD_TO_USD": 0.5,
      "USD_TO_BHD": 0.37561891753457,
      "BHD_TO_USD": 2.6622727272727,
      "USD_TO_BIF": 2967.4603039099,
      "BIF_TO_USD": 0.00033698850113763,
      "USD_TO_BND": 1.2930681236128,
      "BND_TO_USD": 0.77335445962897,
      "USD_TO_BOB": 6.9092864662289,
      "BOB_TO_USD": 0.14473274554294,
      "USD_TO_BSD": 1,
      "BSD_TO_USD": 1,
      "USD_TO_BWP": 14.005634283763,
      "BWP_TO_USD": 0.071399836647121,
      "USD_TO_BZD": 2,
      "BZD_TO_USD": 0.5,
      "USD_TO_CDF": 2234.0996243811,
      "CDF_TO_USD": 0.00044760761296714,
      "USD_TO_COP": 3840.5401625401,
      "COP_TO_USD": 0.00026038003970218,
      "USD_TO_CRC": 494.89922173428,
      "CRC_TO_USD": 0.0020206134018471,
      "USD_TO_CUP": 24,
      "CUP_TO_USD": 0.041666666666667,
      "USD_TO_CVE": 94.130954413522,
      "CVE_TO_USD": 0.010623497936789,
      "USD_TO_DJF": 177.72067611405,
      "DJF_TO_USD": 0.005626807312832,
      "USD_TO_DOP": 63.792332471162,
      "DOP_TO_USD": 0.01567586512771,
      "USD_TO_ERN": 15.379972682261,
      "ERN_TO_USD": 0.065019621338692,
      "USD_TO_ETB": 155.71811507598,
      "ETB_TO_USD": 0.0064218604207486,
      "USD_TO_FJD": 2.2727505548916,
      "FJD_TO_USD": 0.43999549261916,
      "USD_TO_GHS": 11.464999146321,
      "GHS_TO_USD": 0.087221986433459,
      "USD_TO_GIP": 0.74705480621479,
      "GIP_TO_USD": 1.3385898754428,
      "USD_TO_GMD": 71.948096295032,
      "GMD_TO_USD": 0.01389890840057,
      "USD_TO_GNF": 8695.1758579478,
      "GNF_TO_USD": 0.00011500629962371,
      "USD_TO_GTQ": 7.6562233225201,
      "GTQ_TO_USD": 0.13061270000558,
      "USD_TO_GYD": 209.21999317057,
      "GYD_TO_USD": 0.0047796579325225,
      "USD_TO_HNL": 26.315263786922,
      "HNL_TO_USD": 0.038000759106849,
      "USD_TO_HTG": 130.669849965,
      "HTG_TO_USD": 0.00765287478533,
      "USD_TO_IQD": 1310,
      "IQD_TO_USD": 0.00076335877862595,
      "USD_TO_JMD": 160.15878436059,
      "JMD_TO_USD": 0.0062438036352007,
      "USD_TO_KES": 129.1819190712,
      "KES_TO_USD": 0.0077410213998204,
      "USD_TO_KGS": 87.449974389619,
      "KGS_TO_USD": 0.011435109123585,
      "USD_TO_KHR": 4006.0781970292,
      "KHR_TO_USD": 0.00024962068906732,
      "USD_TO_KMF": 419.982712993,
      "KMF_TO_USD": 0.002381050383892,
      "USD_TO_KWD": 0.30689772921291,
      "KWD_TO_USD": 3.2584144645341,
      "USD_TO_LKR": 308.82422742018,
      "LKR_TO_USD": 0.0032380879193115,
      "USD_TO_LRD": 177.05002561038,
      "LRD_TO_USD": 0.0056481211824313,
      "USD_TO_LSL": 16.940925388424,
      "LSL_TO_USD": 0.059028652630942,
      "USD_TO_LYD": 5.438791190029,
      "LYD_TO_USD": 0.18386438549678,
      "USD_TO_MAD": 9.2163223493256,
      "MAD_TO_USD": 0.10850314931456,
      "USD_TO_MGA": 4492.0778555575,
      "MGA_TO_USD": 0.00022261412917473,
      "USD_TO_MKD": 52.82730066587,
      "MKD_TO_USD": 0.01892960623381,
      "USD_TO_MMK": 2099.9658528257,
      "MMK_TO_USD": 0.00047619821943981,
      "USD_TO_MNT": 3545.0913436913,
      "MNT_TO_USD": 0.00028208017877439,
      "USD_TO_MOP": 8.0151101246372,
      "MOP_TO_USD": 0.1247643493913,
      "USD_TO_MRU": 39.690114393034,
      "MRU_TO_USD": 0.025195190673865,
      "USD_TO_MUR": 46.173040805873,
      "MUR_TO_USD": 0.02165765958981,
      "USD_TO_MVR": 15.420010244152,
      "MVR_TO_USD": 0.064850799977855,
      "USD_TO_MWK": 1734.0550623186,
      "MWK_TO_USD": 0.00057668295645866,
      "USD_TO_MZN": 63.880826361619,
      "MZN_TO_USD": 0.015654149405319,